Workbook

Sheet 经营看板
A1: 2026 年 7 月 · 电商服装批发经营看板
A3: 本月核心指标 | B3: 数值 | D3: 款号 | E3: 商品名称 | F3: 近14天销量 | G3: 可售库存 | H3: 库存状态 | J3: 测试用法 | K3: 说明
A4: 销售订单数 | B4: =COUNTA('销售订单'!A4:A59) | D4: ='库存明细'!A4 | E4: ='库存明细'!B4 | F4: ='库存明细'!E4 | G4: ='库存明细'!G4 | H4: ='库存明细'!I4 | J4: 1. 扫描 | K4: 先运行 WorkBuddy Skill 的 inspect
A5: 销售金额 | B5: =SUM('销售订单'!L4:L59) | D5: ='库存明细'!A5 | E5: ='库存明细'!B5 | F5: ='库存明细'!E5 | G5: ='库存明细'!G5 | H5: ='库存明细'!I5 | J5: 2. 确认关联 | K5: 确认采购、入库、销售、库存的款号关系
A6: 销售件数 | B6: =SUM('销售订单'!G4:G59) | D6: ='库存明细'!A6 | E6: ='库存明细'!B6 | F6: ='库存明细'!E6 | G6: ='库存明细'!G6 | H6: ='库存明细'!I6 | J6: 3. 提问 | K6: 例如：本周销量前十但库存低于20的款有哪些？
A7: 退款金额 | B7: =SUM('退款售后'!F4:F9) | D7: ='库存明细'!A7 | E7: ='库存明细'!B7 | F7: ='库存明细'!E7 | G7: ='库存明细'!G7 | H7: ='库存明细'!I7
A8: 库存预警款数 | B8: =COUNTIF('库存明细'!I4:I15,"需补货") | D8: ='库存明细'!A8 | E8: ='库存明细'!B8 | F8: ='库存明细'!E8 | G8: ='库存明细'!G8 | H8: ='库存明细'!I8
A9: 采购金额 | B9: =SUM('采购明细'!F4:F15) | D9: ='库存明细'!A9 | E9: ='库存明细'!B9 | F9: ='库存明细'!E9 | G9: ='库存明细'!G9 | H9: ='库存明细'!I9
D10: ='库存明细'!A10 | E10: ='库存明细'!B10 | F10: ='库存明细'!E10 | G10: ='库存明细'!G10 | H10: ='库存明细'!I10
D11: ='库存明细'!A11 | E11: ='库存明细'!B11 | F11: ='库存明细'!E11 | G11: ='库存明细'!G11 | H11: ='库存明细'!I11
D12: ='库存明细'!A12 | E12: ='库存明细'!B12 | F12: ='库存明细'!E12 | G12: ='库存明细'!G12 | H12: ='库存明细'!I12
D13: ='库存明细'!A13 | E13: ='库存明细'!B13 | F13: ='库存明细'!E13 | G13: ='库存明细'!G13 | H13: ='库存明细'!I13
D14: ='库存明细'!A14 | E14: ='库存明细'!B14 | F14: ='库存明细'!E14 | G14: ='库存明细'!G14 | H14: ='库存明细'!I14
D15: ='库存明细'!A15 | E15: ='库存明细'!B15 | F15: ='库存明细'!E15 | G15: ='库存明细'!G15 | H15: ='库存明细'!I15

Sheet 库存明细
A1: 库存明细 · 可售库存与补货预警
A3: 款号 | B3: 商品名称 | C3: 仓库 | D3: 累计入库 | E3: 近14天销量 | F3: 锁定库存 | G3: 可售库存 | H3: 安全库存 | I3: 库存状态 | J3: 更新时间
A4: FS-2401 | B4: 复古水洗直筒牛仔裤 | C4: 广州仓 | D4: 130 | E4: 76 | F4: 0 | G4: 54 | H4: 20 | I4: 正常 | J4: 46231
A5: FS-2402 | B5: 法式方领碎花连衣裙 | C5: 广州仓 | D5: 142 | E5: 39 | F5: 0 | G5: 103 | H5: 18 | I5: 正常 | J5: 46231
A6: FS-2403 | B6: 宽松纯棉印花T恤 | C6: 广州仓 | D6: 154 | E6: 34 | F6: 0 | G6: 120 | H6: 35 | I6: 正常 | J6: 46231
A7: FS-2404 | B7: 高腰阔腿西装裤 | C7: 广州仓 | D7: 166 | E7: 79 | F7: 0 | G7: 87 | H7: 20 | I7: 正常 | J7: 46231
A8: FS-2405 | B8: 冰丝针织开衫 | C8: 广州仓 | D8: 178 | E8: 28 | F8: 0 | G8: 150 | H8: 25 | I8: 正常 | J8: 46231
A9: FS-2406 | B9: 港风短袖衬衫 | C9: 广州仓 | D9: 190 | E9: 38 | F9: 0 | G9: 152 | H9: 22 | I9: 正常 | J9: 46231
A10: FS-2407 | B10: 基础百搭背心 | C10: 广州仓 | D10: 202 | E10: 64 | F10: 0 | G10: 138 | H10: 40 | I10: 正常 | J10: 46231
A11: FS-2408 | B11: 运动速干短裤 | C11: 广州仓 | D11: 214 | E11: 63 | F11: 0 | G11: 151 | H11: 28 | I11: 正常 | J11: 46231
A12: FS-2409 | B12: 垂感醋酸半身裙 | C12: 广州仓 | D12: 226 | E12: 36 | F12: 0 | G12: 190 | H12: 18 | I12: 正常 | J12: 46231
A13: FS-2410 | B13: 轻薄防晒衬衣 | C13: 广州仓 | D13: 238 | E13: 75 | F13: 0 | G13: 163 | H13: 24 | I13: 正常 | J13: 46231
A14: FS-2411 | B14: 美式宽松卫衣 | C14: 广州仓 | D14: 250 | E14: 42 | F14: 0 | G14: 208 | H14: 30 | I14: 正常 | J14: 46231
A15: FS-2412 | B15: 格纹百褶短裙 | C15: 广州仓 | D15: 262 | E15: 39 | F15: 0 | G15: 223 | H15: 16 | I15: 正常 | J15: 46231

Sheet 商品档案
A1: 商品档案 · SKU 主数据
A3: 款号 | B3: 商品名称 | C3: 品类 | D3: 供应商 | E3: 建议进货价 | F3: 建议批发价 | G3: 商品状态
A4: FS-2401 | B4: 复古水洗直筒牛仔裤 | C4: 女装 | D4: 广州优衣供应链 | E4: 45 | F4: 89 | G4: 主推
A5: FS-2402 | B5: 法式方领碎花连衣裙 | C5: 女装 | D5: 杭州潮品厂 | E5: 38 | F5: 76 | G5: 主推
A6: FS-2403 | B6: 宽松纯棉印花T恤 | C6: 女装 | D6: 东莞棉感制衣 | E6: 22 | F6: 45 | G6: 常规
A7: FS-2404 | B7: 高腰阔腿西装裤 | C7: 女装 | D7: 广州优衣供应链 | E7: 42 | F7: 78 | G7: 主推
A8: FS-2405 | B8: 冰丝针织开衫 | C8: 女装 | D8: 杭州潮品厂 | E8: 35 | F8: 69 | G8: 常规
A9: FS-2406 | B9: 港风短袖衬衫 | C9: 男装 | D9: 深圳潮男工坊 | E9: 39 | F9: 72 | G9: 主推
A10: FS-2407 | B10: 基础百搭背心 | C10: 女装 | D10: 东莞棉感制衣 | E10: 16 | F10: 35 | G10: 引流
A11: FS-2408 | B11: 运动速干短裤 | C11: 男装 | D11: 深圳潮男工坊 | E11: 28 | F11: 59 | G11: 常规
A12: FS-2409 | B12: 垂感醋酸半身裙 | C12: 女装 | D12: 杭州潮品厂 | E12: 45 | F12: 85 | G12: 常规
A13: FS-2410 | B13: 轻薄防晒衬衣 | C13: 女装 | D13: 广州优衣供应链 | E13: 32 | F13: 65 | G13: 主推
A14: FS-2411 | B14: 美式宽松卫衣 | C14: 男女同款 | D14: 东莞棉感制衣 | E14: 50 | F14: 92 | G14: 新品
A15: FS-2412 | B15: 格纹百褶短裙 | C15: 女装 | D15: 杭州潮品厂 | E15: 36 | F15: 70 | G15: 新品

Sheet 采购明细
A1: 采购明细 · 进货与供应商对账
A3: 采购单号 | B3: 款号 | C3: 供应商 | D3: 进货数量 | E3: 进货单价 | F3: 进货金额 | G3: 日期 | H3: 到货状态 | I3: 入库仓
A4: PO-202607-001 | B4: FS-2401 | C4: 广州优衣供应链 | D4: 130 | E4: 45 | F4: 5850 | G4: 46205 | H4: 已到货 | I4: 广州仓
A5: PO-202607-002 | B5: FS-2402 | C5: 杭州潮品厂 | D5: 142 | E5: 38 | F5: 5396 | G5: 46206 | H5: 已到货 | I5: 广州仓
A6: PO-202607-003 | B6: FS-2403 | C6: 东莞棉感制衣 | D6: 154 | E6: 22 | F6: 3388 | G6: 46207 | H6: 已到货 | I6: 广州仓
A7: PO-202607-004 | B7: FS-2404 | C7: 广州优衣供应链 | D7: 166 | E7: 42 | F7: 6972 | G7: 46208 | H7: 已到货 | I7: 广州仓
A8: PO-202607-005 | B8: FS-2405 | C8: 杭州潮品厂 | D8: 178 | E8: 35 | F8: 6230 | G8: 46209 | H8: 已到货 | I8: 广州仓
A9: PO-202607-006 | B9: FS-2406 | C9: 深圳潮男工坊 | D9: 190 | E9: 39 | F9: 7410 | G9: 46210 | H9: 已到货 | I9: 广州仓
A10: PO-202607-007 | B10: FS-2407 | C10: 东莞棉感制衣 | D10: 202 | E10: 16 | F10: 3232 | G10: 46211 | H10: 已到货 | I10: 广州仓
A11: PO-202607-008 | B11: FS-2408 | C11: 深圳潮男工坊 | D11: 214 | E11: 28 | F11: 5992 | G11: 46212 | H11: 已到货 | I11: 广州仓
A12: PO-202607-009 | B12: FS-2409 | C12: 杭州潮品厂 | D12: 226 | E12: 45 | F12: 10170 | G12: 46213 | H12: 已到货 | I12: 广州仓
A13: PO-202607-010 | B13: FS-2410 | C13: 广州优衣供应链 | D13: 238 | E13: 32 | F13: 7616 | G13: 46214 | H13: 已到货 | I13: 广州仓
A14: PO-202607-011 | B14: FS-2411 | C14: 东莞棉感制衣 | D14: 250 | E14: 50 | F14: 12500 | G14: 46215 | H14: 已到货 | I14: 广州仓
A15: PO-202607-012 | B15: FS-2412 | C15: 杭州潮品厂 | D15: 262 | E15: 36 | F15: 9432 | G15: 46216 | H15: 已到货 | I15: 广州仓

Sheet 入库明细
A1: 入库明细 · 仓库收货记录
A3: 入库单号 | B3: 采购单号 | C3: 款号 | D3: 入库数量 | E3: 仓库 | F3: 入库日期 | G3: 质检状态
A4: IN-202607-001 | B4: PO-202607-001 | C4: FS-2401 | D4: 130 | E4: 广州仓 | F4: 46206 | G4: 质检通过
A5: IN-202607-002 | B5: PO-202607-002 | C5: FS-2402 | D5: 142 | E5: 广州仓 | F5: 46207 | G5: 质检通过
A6: IN-202607-003 | B6: PO-202607-003 | C6: FS-2403 | D6: 154 | E6: 广州仓 | F6: 46208 | G6: 质检通过
A7: IN-202607-004 | B7: PO-202607-004 | C7: FS-2404 | D7: 166 | E7: 广州仓 | F7: 46209 | G7: 质检通过
A8: IN-202607-005 | B8: PO-202607-005 | C8: FS-2405 | D8: 178 | E8: 广州仓 | F8: 46210 | G8: 质检通过
A9: IN-202607-006 | B9: PO-202607-006 | C9: FS-2406 | D9: 190 | E9: 广州仓 | F9: 46211 | G9: 质检通过
A10: IN-202607-007 | B10: PO-202607-007 | C10: FS-2407 | D10: 202 | E10: 广州仓 | F10: 46212 | G10: 质检通过
A11: IN-202607-008 | B11: PO-202607-008 | C11: FS-2408 | D11: 214 | E11: 广州仓 | F11: 46213 | G11: 质检通过
A12: IN-202607-009 | B12: PO-202607-009 | C12: FS-2409 | D12: 226 | E12: 广州仓 | F12: 46214 | G12: 质检通过
A13: IN-202607-010 | B13: PO-202607-010 | C13: FS-2410 | D13: 238 | E13: 广州仓 | F13: 46215 | G13: 质检通过
A14: IN-202607-011 | B14: PO-202607-011 | C14: FS-2411 | D14: 250 | E14: 广州仓 | F14: 46216 | G14: 质检通过
A15: IN-202607-012 | B15: PO-202607-012 | C15: FS-2412 | D15: 262 | E15: 广州仓 | F15: 46217 | G15: 质检通过

Sheet 销售订单
A1: 销售订单 · 渠道与客户销售明细
A3: 订单号 | B3: 订单日期 | C3: 客户编号 | D3: 客户名称 | E3: 款号 | F3: 商品名称 | G3: 销售数量 | H3: 批发单价 | I3: 折扣率 | J3: 优惠金额 | K3: 运费 | L3: 实收金额 | M3: 订单状态 | N3: 销售渠道
A4: SO-202607-0001 | B4: 46218 | C4: CUS-008 | D4: 上海线上分销商 | E4: FS-2410 | F4: 轻薄防晒衬衣 | G4: 5 | H4: 57 | I4: 0.06 | J4: 17.1 | K4: 12 | L4: 279.9 | M4: 已完成 | N4: 微信私域
A5: SO-202607-0002 | B5: 46218 | C5: CUS-001 | D5: 广州白马服饰店 | E5: FS-2403 | F5: 宽松纯棉印花T恤 | G5: 6 | H5: 37 | I5: 0.06 | J5: 13.32 | K5: 12 | L5: 220.68 | M5: 已完成 | N5: 微信私域
A6: SO-202607-0003 | B6: 46218 | C6: CUS-002 | D6: 杭州女装集合店 | E6: FS-2408 | F6: 运动速干短裤 | G6: 7 | H6: 51 | I6: 0.06 | J6: 21.42 | K6: 12 | L6: 347.58 | M6: 已完成 | N6: 线下档口
A7: SO-202607-0004 | B7: 46218 | C7: CUS-003 | D7: 成都潮流买手店 | E7: FS-2401 | F7: 复古水洗直筒牛仔裤 | G7: 8 | H7: 85 | I7: 0.03 | J7: 20.4 | K7: 12 | L7: 671.6 | M7: 已完成 | N7: 微信私域
A8: SO-202607-0005 | B8: 46219 | C8: CUS-001 | D8: 广州白马服饰店 | E8: FS-2401 | F8: 复古水洗直筒牛仔裤 | G8: 6 | H8: 81 | I8: 0.06 | J8: 29.16 | K8: 12 | L8: 468.84 | M8: 已完成 | N8: 微信私域
A9: SO-202607-0006 | B9: 46219 | C9: CUS-002 | D9: 杭州女装集合店 | E9: FS-2406 | F9: 港风短袖衬衫 | G9: 7 | H9: 64 | I9: 0.06 | J9: 26.88 | K9: 12 | L9: 433.12 | M9: 已完成 | N9: 线下档口
A10: SO-202607-0007 | B10: 46219 | C10: CUS-003 | D10: 成都潮流买手店 | E10: FS-2411 | F10: 美式宽松卫衣 | G10: 8 | H10: 88 | I10: 0.03 | J10: 21.12 | K10: 12 | L10: 694.88 | M10: 已完成 | N10: 抖音店铺
A11: SO-202607-0008 | B11: 46219 | C11: CUS-004 | D11: 武汉汉正街档口 | E11: FS-2404 | F11: 高腰阔腿西装裤 | G11: 9 | H11: 70 | I11: 0.06 | J11: 37.8 | K11: 12 | L11: 604.2 | M11: 已完成 | N11: 微信私域
A12: SO-202607-0009 | B12: 46220 | C12: CUS-002 | D12: 杭州女装集合店 | E12: FS-2404 | F12: 高腰阔腿西装裤 | G12: 7 | H12: 70 | I12: 0.06 | J12: 29.4 | K12: 12 | L12: 472.6 | M12: 待发货 | N12: 线下档口
A13: SO-202607-0010 | B13: 46220 | C13: CUS-003 | D13: 成都潮流买手店 | E13: FS-2409 | F13: 垂感醋酸半身裙 | G13: 8 | H13: 81 | I13: 0.03 | J13: 19.44 | K13: 12 | L13: 640.56 | M13: 已完成 | N13: 微信私域
A14: SO-202607-0011 | B14: 46220 | C14: CUS-004 | D14: 武汉汉正街档口 | E14: FS-2402 | F14: 法式方领碎花连衣裙 | G14: 9 | H14: 68 | I14: 0.06 | J14: 36.72 | K14: 12 | L14: 587.28 | M14: 已完成 | N14: 微信私域
A15: SO-202607-0012 | B15: 46220 | C15: CUS-005 | D15: 长沙衣橱直播间 | E15: FS-2407 | F15: 基础百搭背心 | G15: 10 | H15: 31 | I15: 0.03 | J15: 9.3 | K15: 12 | L15: 312.7 | M15: 已完成 | N15: 线下档口
... A60: SO-202607-0057 | B60: 46232 | C60: CUS-002 | D60: 杭州女装集合店 | E60: FS-2408 | F60: 运动速干短裤 | G60: 25 | H60: 51 | I60: 0.06 | J60: 76.5 | K60: 12 | L60: 1210.5 | M60: 已完成 | N60: 微信私域

Sheet 客户档案
A1: 客户档案 · 渠道客户与等级
A3: 客户编号 | B3: 客户名称 | C3: 省份 | D3: 客户类型 | E3: 客户等级
A4: CUS-001 | B4: 广州白马服饰店 | C4: 广东 | D4: 批发商 | E4: A级
A5: CUS-002 | B5: 杭州女装集合店 | C5: 浙江 | D5: 零售店 | E5: A级
A6: CUS-003 | B6: 成都潮流买手店 | C6: 四川 | D6: 买手店 | E6: B级
A7: CUS-004 | B7: 武汉汉正街档口 | C7: 湖北 | D7: 批发商 | E7: A级
A8: CUS-005 | B8: 长沙衣橱直播间 | C8: 湖南 | D8: 直播商家 | E8: B级
A9: CUS-006 | B9: 义乌小商品城店 | C9: 浙江 | D9: 批发商 | E9: B级
A10: CUS-007 | B10: 郑州银基商贸 | C10: 河南 | D10: 批发商 | E10: A级
A11: CUS-008 | B11: 上海线上分销商 | C11: 上海 | D11: 分销商 | E11: A级

Sheet 退款售后
A1: 退款售后 · 问题与处理状态
A3: 订单号 | B3: 订单日期 | C3: 客户编号 | D3: 款号 | E3: 退款数量 | F3: 退款金额 | G3: 退款原因 | H3: 处理状态 | I3: 申请日期
A4: SO-202607-0001 | B4: 46218 | C4: CUS-008 | D4: FS-2410 | E4: 1 | F4: 57 | G4: 尺码不合适 | H4: 已退款 | I4: 46229
A5: SO-202607-0012 | B5: 46220 | C5: CUS-005 | D5: FS-2407 | E5: 2 | F5: 62 | G5: 色差 | H5: 处理中 | I5: 46230
A6: SO-202607-0023 | B6: 46223 | C6: CUS-007 | D6: FS-2411 | E6: 1 | F6: 84 | G6: 发错款 | H6: 已退款 | I6: 46231
A7: SO-202607-0034 | B7: 46226 | C7: CUS-001 | D7: FS-2403 | E7: 2 | F7: 74 | G7: 质量问题 | H7: 处理中 | I7: 46229
A8: SO-202607-0045 | B8: 46229 | C8: CUS-003 | D8: FS-2407 | E8: 1 | F8: 31 | G8: 物流破损 | H8: 已退款 | I8: 46230
A9: SO-202607-0056 | B9: 46231 | C9: CUS-008 | D9: FS-2404 | E9: 2 | F9: 140 | G9: 不喜欢 | H9: 处理中 | I9: 46231
A10: SO-202607-0057 | B10: 46232 | C10: CUS-002 | D10: FS-2408 | E10: 1 | F10: 51 | G10: 质量问题 | H10: 处理中 | I10: 46232
A11: SO-202607-0057 | B11: 46232 | C11: CUS-002 | D11: FS-2408 | E11: 1 | F11: 51 | G11: 质量问题 | H11: 处理中 | I11: 46232
A12: SO-202607-0057 | B12: 46232 | C12: CUS-002 | D12: FS-2408 | E12: 1 | F12: 51 | G12: 质量问题 | H12: 处理中 | I12: 46232
